질문,질문에 대한 대답
연두색 번호판으로 변경하는 이유가 뭔가요?,
연두색 번호판은 얼마부터 부착이 가능한가요?,
연두색 번호판을 단 차량은 어떤 차종인가요?,
연두색 번호판으로 변경하는 이유가 뭔가요?,
연두색 번호판은 얼마부터 부착이 가능한가요?,
연두색 번호판을 단 차량은 어떤 차종인가요?,
녹색 연두색 번호판은 어떤 차량에 부착이 되나요?,
법인차량에 연두색 번호판을 도입하는 목적은 무엇인가요?,
고가 차량은 언제부터 연두색 번호판을 부착해야 하나요?,
법인차량 연두색 번호판이 부의 상징으로 받아들여 지는 이유가 뭔가요?,
얼마 이상의 승용차가 연두색 번호판을 부착해야 하나요?,
법인차에 연두색 번호판을 부착하는 정책이 시행되나요?,
법인차량 연두색 번호판의 기준은 뭔가요?,
법인차에 연두색 번호판을 부착하면 어떤 효과가 있나요?,
차량의 취득가액이 얼마 이상일 때 연두색 번호판을 부착하나요?,
법인 리스 차량은 왜 연두색 번호판을 달게 되었나요?,
법인차로 등록할때 취득가를 낮춰서 신고하면 연두색 번호판을 달게 되나요?,
법인차량 연두색 번호판을 달려면 얼마 이상의 금액이 필요한가요?,
렌트카에도 연두색 번호판을 달게 할 방침인가요?,
법인차량 연두색 번호판을 피하는 방법은 무엇인가요?,
법인차에 부가세 포함 얼마 이상일때 연두색 번호판을 부착하나요?,
어떤 차량이 연두색 번호판을 사용하나요?,
법인차량에 연두색 번호판을 부착하는 이유가 뭔가요?,
