title,press,date,summary,url,query
'연두색 번호판' 기피 현상 감소…고급 수입차 판매 '꿈틀',뉴시스언론사 선정,2025-04-07,"지난해부터 시행한 '연두색 번호판' 제도로 고급 수입 법인차 판매량이 급감했지만, 올해 다시 반등 조짐을 보이고 있다. 24일 한국수입자동차협회(KAIDA)에 따르면 지난달까지 법인으로 등록한 1억원 이상 수입차는 5501대로 파악됐다. 지난해 같은 기간(4394대) 대비 25%가량 증가한 수치다. 지난해...",https://www.newsis.com/view/NISX20250324_0003110599,법인차 제도
"‘연두색 번호판’ 꺼리는 사장님들… 국토부, 법인차 전수조사",서울신문,2024-11-11,올해부터 시행된 ‘고가 법인차 연두색 번호판 제도’가 각종 꼼수에 노출돼 지켜지지 않는다는 지적이 잇따르자 정부가 올해 등록된 법인차를 대상으로 전수 조사에 나섰다. 이 제도는 윤석열 대통령의 대선 공약으로 고가 법인차의 사적 이용을 막기 위해 도입됐다. 하지만 눈에 잘 띄는 연두색 번호판이...,https://www.seoul.co.kr/news/economy/2024/11/11/20241111018008?wlog_tag3=naver,법인차 제도
'연두색 번호판'은 창피했나…2024년 법인차 등록 1만대 '뚝',세계일보언론사 선정,2024-08-30,"다만 제도 도입 직전 미리 법인차를 사두려는 수요가 몰리며 고가 차량 판매가 일시적으로 증가했던만큼, 당분간 감소가 이어지다가 점차 예년 수준으로 회복될 수도 있다. 한국수입자동차협회와 한국자동차모빌리티산업협회에 따르면 지난해 국내에서 팔린 1억5000만원 이상 고가 차량은 전년...",http://www.segye.com/newsView/20240830505156?OutUrl=naver,법인차 제도
올해 고가 법인차 신차 등록 급감 “연두색 번호판 효과”,이데일리,2024-08-29,올해 1월 1일부터 8000만원 이상인 법인 차량에 ‘연두색 번호판’을 부착하도록 한 제도 시행 이후 고가 법인차 등록 대수가 눈에 띄게 줄어든 것으로 나타났다. 29일 카이즈유데이터연구소에 따르면 올해 1~7월 8000만원 이상 법인차 신차등록 대수는 대수는 2만7400대로 지난해 같은 기간(1만506대)보다...,http://www.edaily.co.kr/news/newspath.asp?newsid=03152086638992240,법인차 제도
[차량번호판의 세계] 연두색 번호판 제도 시행에 고가 법인차 등록 감소... 찬반 논쟁도,세계비즈,2024-03-27,긍정론자들은 제도 취지대로 연두색 번호판이 우리 사회에 만연한 법인 차량 사적 사용을 막고 조세 형평성을 제고할 것이라 주장한다. 반면 일각에선 연두색 번호판이 ‘회사에서 받은 고급차’라는 인식을 심어 필요차량에 대한 위화감을 부추길 수 있다고 지적한다. 일부 네티즌은 “이제 국가에서...,http://www.segyebiz.com/newsView/20240327516121?OutUrl=naver,법인차 제도
고가 법인차 ‘연두색 번호판 부착’...제도 개정 후 결과 살펴보니,IT동아,2024-03-11,"연두색 번호판 부착 제도 시행 후 고가 법인차 판매량 급감 국토교통부는 지난해 11월, 공공 및 민간법인에서 이용하는 8000만원 이상 법인차에 대해 일반 등록번호판과 구별하도록 새로운 등록번호판을 도입하는 내용을 골자로 ‘자동차 등록번호판 등의 기준에 관한 고시’ 개정안을 행정 예고했다....",https://it.donga.com/105074/,법인차 제도
연두색 번호판 낙인 효과… 수입 법인차 판매율 ‘뚝’,국민일보,2024-04-22,이 제도 시행이 고가 수입 법인차 등록 대수를 끌어 내린 것으로 풀이된다. 그동안 법인용 승용차 감세 효과를 노리고 고가의 수입차를 법인차로 사는 부작용이 있었다. 이에 따라 전체 수입차 판매량에서 법인차가 차지하던 비중도 크게 줄었다. 지난달 수입차 등록 대수 2만5263대 중 법인차의 등록...,https://www.kmib.co.kr/article/view.asp?arcid=1713688661&code=11151100&cp=nv,법인차 제도
연두색 번호판 부끄럽나… 럭셔리 수입 법인차 등록 ‘뚝’,문화일보,2024-04-15,올해부터 8000만원 이상땐 연두색 번호판 부착 제도화 3월 신규 수입 법인차 3868대 전년 동월 대비 31.4%나 줄어 전체 비중도 처음 30% 아래로 올해부터 취득가액 8000만 원 이상인 법인 차량에 ‘연두색 번호판’을 부착하는 제도가 본격 시행되면서 수입 법인차 등록 대수가 곤두박질치고 있다. 고가...,https://www.munhwa.com/news/view.html?no=2024041501071007024001,법인차 제도
연두색 번호판 달게 하자 고가 수입 법인차 등록 대수 '뚝',대경일보,2024-03-13,연합뉴스 8000만원 이상 법인차 전용 연두색 번호판 제도가 도입되고 나서 고가 수입 법인차 등록 대수가 1년 전과 비교해 크게 줄어든 것으로 나타났다. 13일 한국수입자동차협회(KAIDA)에 따르면 2월 가격이 8000만원 이상인 수입 법인차 등록 대수는 3551대로 나타났다. 지난해 같은 달 등록 대수...,https://www.dkilbo.com/news/articleView.html?idxno=434357,법인차 제도
"""연두색 번호판 싫어서···"" 늘어나는 법인차 꼼수들",한경비즈니스언론사 선정,2024-04-08,"고객들이 연두색 번호판 제도 시행으로 고가 법인차 구입을 꺼리자 수입차 업계에서 이러한 계약이 성행하고 있는 것으로 보인다. 누리꾼들은 “가격 기준 없이 법인차면 모두 연두색 번호판을 다는 것이 좋을 것 같다”, “꼼수가 아니라 대놓고 불법 아닌가” 등 제도의 허점을 지적하며 개선이...",https://magazine.hankyung.com/business/article/202404086547b,법인차 제도
"""법인차 연두 번호판 누가 발의했냐"" 불만에…""그래서 생긴 것"" 뭇매",SBS언론사 선정,2024-03-21,"이에 누리꾼들은 '법인차로 주말에 드라이브 가니까 만든 제도다', '기존 법인 차도 다 바꿨으면 좋겠다' 등의 반응을 보였습니다. 연두색 번호판 제도는 고가 법인 승용차의 사적 이용을 막기 위해서 시행되고 있는데요. 실효성에 대한 우려도 있었지만 제도가 도입된 이후 고가의 수입 법인차 구매가 약 30...",https://news.sbs.co.kr/news/endPage.do?news_id=N1007580440&plink=ORI&cooper=NAVER,법인차 제도
"[車돋보기] ""연두색 번호판 싫어요""…작년 말 법인차 판매 급증한 이유",아주경제,2024-02-07,"이 때문에 제도 시행에 앞서 법인차 구매 러시가 발생한 셈이다. 지난해 1억원 이상 수입차 판매량 1위를 달성한 브랜드는 3만2789대를 판매한 메르세데스 벤츠가 차지했다. 벤츠의 고급 브랜드 마이바흐는 2596대의 역대 최대 판매량을 달성했고, G클래스(G바겐)도 2169대로 판매 신기록을 세웠다. 이어...",https://www.ajunews.com/view/20240206165205123,법인차 제도
연두색 번호판 싫어서? 지난해 3억 이상 법인차 등록 급증,아이뉴스24언론사 선정,2024-01-14,올해부터 법인이 신규·변경 등록하는 8000만원 이상 승용차에 연두색 번호판 부착이 의무화되면서 연두색 번호판 제도를 피하고자 고가 법인차 구매를 서두른 것이라는 분석이 나온다. 한편 지난해 말 기준 취득가액이 3억원을 넘는 법인 승용차 누적 등록 대수는 6029대로 조사됐다. 3억...,http://www.inews24.com/view/1676138,법인차 제도
"‘연두색 번호판’ 부끄러운 사장님… 국토부, 고가 수입차 ‘다운 계약’ 전수조사",서울신문,2024-11-10,올해부터 시행된 ‘고가 법인차 연두색 번호판 제도’가 각종 꼼수에 노출돼 지켜지지 않는다는 지적이 잇따르자 정부가 올해 등록된 법인차를 대상으로 전수 조사에 나섰다. 이 제도는 윤석열 대통령의 대선 공약으로 고가 법인차의 사적 이용을 막기 위해 도입됐다. 하지만 눈에 잘 띄는 연두색 번호판이...,https://www.seoul.co.kr/news/economy/2024/11/10/20241110500047?wlog_tag3=naver,법인차 제도
눈에 확띄는 연두 번호판 도입 … 무늬만 법인차 막는다,매일경제,2023-11-02,"개인이 차량을 구입하는 몫은 민간소비로 분류되지만, 기업이 법인차 구매를 위해 쓰는 돈은 설비투자 실적으로 잡히기 때문이다. 한국은행에 따르면 2분기 설비투자는 전기 대비 0.5% 증가했지만, 법인차 번호판 제도 도입이 불확실했던 3분기에는 -2.7%로 낙폭이 컸다. [ / ]",https://www.mk.co.kr/article/10864935,법인차 제도
"홍성국 의원 ""법인차 10대 중 4대, 운행기록 없이 세제 혜택 받았다""",세정일보,2023-10-10,"이와 관련 국토부는'법인차 전용 번호판 제도'를 도입하겠다 밝혔다. 법인차 번호판을 연두색으로 구분해 편법 탈세행위를 막겠다는 것이다. 그러나 '법인차 전용 번호판 제도'만으로 업무용 승용차의 사적 유용을 막기에는 턱없이 부족하다는 지적이 제기되고 있다. 홍성국 의원은 ""의무나 책임은 지우지...",https://www.sejungilbo.com/news/articleView.html?idxno=44770,법인차 제도
"홍성국 의원, 법인차 10대 중 4대 운행기록 없이 세제 혜택",뉴스티앤티,2023-10-09,"국토교통부(장관 원희룡)는 이와 관련하여 ""'법인차 전용 번호판 제도'를 도입하겠다""며 법인차 번호판을 연두색으로 구분해 편법 탈세행위를 막겠다는 의지를 보였으나, '법인차 전용 번호판 제도'만으로 업무용 승용차의 사적 유용을 막기에는 턱없이 부족하다는 지적이 제기되고 있다. 국회...",http://www.newstnt.com/news/articleView.html?idxno=309244,법인차 제도
8천만원 이상 법인차 '연두색 번호판' 부착...택배차 등 경유차 금지,파이낸셜뉴스언론사 선정,2024-01-07,"7일 한국자동차모빌리티산업협회(KAMA)가 정리한 '2024년부터 달라지는 자동차 관련 제도'에 따르면 올해부터 자동차 안전, 환경 관련 규제가 대폭... 승용차를 신규 구입 또는 등록을 변경할 경우엔 연두색 번호판을 달아야 한다. 법인차량의 사적 유용을 방지한다는 취지다. 윤석열 대통령의 대선공약이다.",http://www.fnnews.com/news/202401071351162946,법인차 제도
법인차에 새겨진 '연두글씨'…판매 줄고 '꼼수' 늘어,이코노믹리뷰,2024-10-10,"이어 김필수 교수는 ""싱가포르 등 일부 국가에서는 법인차를 엄격하게 제한하고 있다""며 ""비싼 법인차라면 연두색 번호판을 의무적으로 달아야 한다는 제도는 법인차를 제 목적에 맞게 올바르게 사용하는 사람에게도 주홍글씨와 같은 낙인을 찍는 것""이라고 덧붙였다.",https://www.econovill.com/news/articleView.html?idxno=669304,법인차 제도
법인차 '연두색 번호판' 도입 늦어지나,데일리한국,2023-08-04,"당초 국토부는 7월 행정예고를 낸 뒤 법제처 법령 심사와 국무조정실의 규제 심사 등을 거쳐 9월 중 법인차 번호판 제도를 시행할 계획이었다. 국내 자동차 업계 관계자는 ""예상보다 행정예고가 늦어지고 잇지만 이후 심사 등 절차는 오래 걸리지 않을 것으로 파악된다""며 ""당초 국토부가 예고한대로 (법인차...",https://daily.hankooki.com/news/articleView.html?idxno=985962,법인차 제도
"벤츠, 국내 법인車 할인 몰아주다 수익성 '후진'",아주경제,2023-08-21,제도 시행 전 법인차 수요를 이끌어내기 위해 벤츠는 할인 폭을 늘려왔다. 특히 러시아-우크라이나 전쟁으로 러시아에 수출하지 못하고 한국으로 유입된 물량을 법인차로 돌려 대폭 할인에 나섰다는 분석이다. 여기에 전기차 판매가 둔화한 상황에서 연식 변경과 신형 모델 출시 전에 재고분을...,https://www.ajunews.com/view/20230820150429260,법인차 제도
"""9월 번호판 변경 전에 사자""…올 상반기 고가 법인차 불티",일간스포츠,2023-07-26,법인차 전용 번호판 제도 도입은 윤석열 대통령이 대선 당시 공약으로 내건 제도다. 법인차량에 연두색 번호판을 부착해 식별 효과를 줘 사적으로 차량을 사용하는 것에 경각심을 일깨우겠다는 취지다. 제도 시행까지는 아직 시간이 남은 만큼 다음 달까지 법인 고가 수입차의 판매는 늘어날 전망이다....,https://isplus.com/article/view/isp202307250116,법인차 제도
법인차 ‘연두색 번호판’ 9월께 시행…기존 차는 안 바꿔도 돼?,중앙일보,2023-07-12,11일 국토교통부에 따르면 이달 중에 법인차 전용 번호판 제도에 대한 행정 예고가 이뤄질 예정이다. 색깔이 다른 전용 번호판을 부착하면 일종의 ‘명찰효과’가 생기기 때문에 함부로 개인 용도로 법인차를 사용하기 어려울 거라는 판단에서다. 이는 윤석열 대통령의 대선 공약이기도 하다. 그러나 국토부가...,https://www.joongang.co.kr/article/25176620,법인차 제도
"연두색 번호판, ‘사적 사용 법인차 색출’ 나선다….“효과 과연 있을까?”",글로벌이코노믹,2023-07-11,"11일 국토교통부에 따르면 오는 9월께 시행을 두고 이달 내 법인차 전용 번호판 제도에 대한 행정 예고가 이뤄질 예정이다. 법인차 전용 번호판 제도는 윤석열 대통령이 후보 시절 내걸었던 공약 중 하나로 원희룡 국토교통부 장관, 이준석 전 국민의힘 대표와 함께 코믹한 홍보 영상까지 만들어가며 캠페인을...",http://www.g-enews.com/ko-kr/news/article/news_all/20230711162724823478e43e3ead_1/article.html,법인차 제도
법인차 9월부터 '연두색' 번호판 단다⋯상반기 고급차 판매 급증,MS투데이,2023-07-06,"이 중 4713대(74.8%)가 법인 차량이다. 이 제도는 윤석열 대통령이 대선 당시 공약으로 내건 것으로, 지난 1월 공청회를 통해 올해 하반기 시행이 예고됐다. 이와 관련 올 상반기 국내 시장에서 수억원(대당)을 넘는 고급차 판매가 늘어난 것으로 나타났다. 이는 연두색의 법인차 전용 번호판 부착 제도 시행을...",https://www.mstoday.co.kr/news/articleView.html?idxno=84286,법인차 제도
9월부터 법인차에 '연두색 번호판'…'무늬만 법인차' 정체 드러난다,서울경제,2023-07-05,4일 국토교통부와 자동차 업계에 따르면 국토부는 이달 중 법인차 전용 번호판 제도에 대한 행정 예고를 할 계획이다. 이후 국무조정실 규제 심사를 거쳐 9월 신규 등록하는 법인차부터 적용한다. 이미 등록된 법인차는 소급 적용을 하지 않는다. 법인차 전용 번호판 제도는 세제 혜택을 보기 위해 법인 명의로...,https://www.sedaily.com/NewsView/29S0IFZQ12,법인차 제도
“이 동네라고?” 3억 넘는 수입 법인차 가장 많이 산 지역,국민일보,2023-09-13,정 의원은 “수억원의 수입차를 법인 오너나 그 가족이 사적으로 운용하는 문제는 법인차 제도를 왜곡시키는 고질병”이라며 “연두색 번호판 시행과 병행해 정부와 서울시 등 지자체는 자동차 시장 질서를 교란하고 일반 국민들에게 위화감을 조성하는 법인차 제도에 대한 근본적인 개선...,https://news.kmib.co.kr/article/view.asp?arcid=0018664225&code=61141111&cp=nv,법인차 제도
사장 아들 스포츠카에 웬 세제혜택?…억대 수입차 64.5% '법인차',데일리안언론사 선정,2023-07-19,이에 따라 국토교통부는 이달 중 법인차 전용 번호판 제도를 행정예고한 뒤 국무조정실 규제 심사를 거쳐 9월 신규 등록하는 법인차부터 연두색 바탕의 전용 번호판을 달도록 할 예정이다. 하지만 이 제도가 제대로 효과를 발휘할 수 있을지에 대해서는 의문이 많다. 법인차에 연두색 번호판을 달아 ‘내 차가...,https://www.dailian.co.kr/news/view/1254832/?sc=Naver,법인차 제도
규제 앞두고 ‘아빠 찬스’ 쇼핑...‘억소리’ 법인차 계속 늘었다[백카(CAR)사전],이코노미스트언론사 선정,2023-06-16,"정부는 관련 제도 시행 시 법인차 사적사용을 방지하는 효과가 있을 것으로 기대하고 있다. 원희룡 국토부 장관은 개인 SNS에 “(법인차 전용 번호판 도입 시) 포르쉐, 람보르기니, 페라리 등 슈퍼카를 법인차로 등록한 뒤 배우자 또는 자녀가 이용하는 꼼수를 쓰기 어렵다”는 게시글을 올리기도 했다....",https://economist.co.kr/article/view/ecn202306150025,법인차 제도
[더벨]법인차 연두색 번호판 제도…리스·렌터카 차별 논란,더벨,2023-02-27,이른 바 ‘연두색 번호판’ 제도로 불리는 법인차 전용번호판 제도가 도입 전부터 논란에 휩싸이고 있다. 해당 정책은 슈퍼카를 비롯한 고가의 법인 승용차를 사적으로 이용하는 것을 막기 위한 정책으로 이르면 올해 여름부터 도입될 전망이다. 국토교통부는 지난달 31일 법인 승용차의 전용 번호판 적용에 대한...,https://www.thebell.co.kr/free/content/ArticleView.asp?key=202302271049361360104060,법인차 제도
"[1년전 오늘] '연두색 번호판' 시행 앞두고··· 지난해 3억이상 법인차, 전년 대비 58.4%↑",전국매일신문,2025-01-13,"고가 법인차의 사적 사용을 방지하기 위해 도입된 연두색 번호판 제도를 피하고자 구매를 서두른 것이라는 분석이 업계에서는 나온다. 지난해 말 기준으로 취득가액이 3억 원을 넘는 법인 승용차 누적 등록 대수는 6천29대로 집계됐다. 3억∼5억 원은 4천889대, 5억원 초과는 1천140대다. 이는 3억...",https://www.jeonmae.co.kr/news/articleView.html?idxno=1110413,법인차 제도
‘아빠 찬스’로 벤츠·포르쉐...억소리 법인차 정점 찍었다,이코노미스트언론사 선정,2023-05-16,"정부는 법인차 전용번호판 제도가 시행되면 관련 문제가 해결될 것이라고 기대 중이다. 원희룡 국토부 장관은 최근 자신의 SNS를 통해 관련 제도 시행에 따른 기대 효과를 언급했다. 원 장관은 “포르쉐, 람보르기니, 페라리 등 슈퍼카를 법인차로 등록한 뒤 배우자 또는 자녀가 이용하는 꼼수는 횡령...",https://economist.co.kr/article/view/ecn202305160046,법인차 제도
법인차 연두색 번호판 부착 시행 시기는?,금강일보,2023-07-10,"또 고가 수입 법인차 유용을 막으려는 제도 취지를 고려해 경차의 경우 연두색 번호판 부착을 면제하는 방안을 검토 중이다. 앞서 지난 1월 말 열린 '법인 승용차 전용 번호판 도임 방안 공청회' 당시 국토부는 ""하반기 시행할 계획""이라고 밝히며 7월 도입이 예상됐지만 이보다 두 달가량 밀린 9월 시행...",http://www.ggilbo.com/news/articleView.html?idxno=983068,법인차 제도
회삿돈으로 끌던 포르쉐 ‘싹 사라졌네’ [데이터로 보는 세상],매경이코노미,2024-09-07,"제도 도입 이후 고가 법인차 신차 등록 대수가 눈에 띄게 줄었다. 회삿돈으로 ‘무늬만 법인차’를 사들여 사치를 누리던 이 상당수가 자취를 감췄다. 법인 차량은 구입비, 보험료, 기름값 등을 모두 법인이 부담하고 세금 감면 혜택도 받는다. 때문에, 비용을 줄이기 위해 자기 회사 명의나 부모 회사...",https://www.mk.co.kr/article/11105572,법인차 제도
‘고가 수입 법인차’ 8년만 감소세 전환…연두색 번호판 영향,이투데이,2024-12-28,고가 수입 법인차 판매량이 감소한 데는 연두색 번호판 제도가 영향을 미친 것으로 풀이된다. 정부는 법인용 차량의 사적 이용을 막기 위해서 올해부터 출고가 8000만 원 이상의 법인용 승용차에 연두색 번호판을 부착하도록 했다. 연두색 번호판에 대한 거부감으로 인해 고가 수입차를 법인 명의로...,https://www.etoday.co.kr/news/view/2430964,법인차 제도
"""번호판 바뀌기 전에 빨리 사자""···판매 늘어난 고가 법인차",시사저널이코노미,2023-04-11,"정부가 전용 번호판 도입에 나서는 것은 법인차 제도를 통한 탈세 문제가 갈수록 커지고 있기 때문이다. 국토부에 따르면 최근 5년간 신규 등록 취득가액 1억원~4억원 차량 중 71.3%, 4억원을 넘는 차량 중 88.4%가 법인 소유 차량인 것으로 집계됐다. 또한 같은 기간 신규 등록 차량은 연 평균 1.3% 감소하고 있는데...",http://www.sisajournal-e.com/news/articleView.html?idxno=298736,법인차 제도
“‘아빠찬스’ 포르쉐 막차 타자”...정부 발표 후 법인차 더 늘었다[백카(CAR)사전],이코노미스트언론사 선정,2023-03-31,"지난 달 6일 국토교통부는 올해 하반기부터 법인차 전용번호판 제도를 도입할 예정이라고 밝힌 바 있다. 탈세 등에 악용되는 법인차 사적유용을 차단하기 위함이다. 법인이 차량 리스 및 장기 렌탈을 활용하면 월 납입금, 이자비, 유류비, 보험료 등을 사업비(경비)로 처리할 수 있다. 이를 통해 세금 감면...",https://economist.co.kr/article/view/ecn202303290045,법인차 제도
尹 지지율 취임 후 최저치 근접..4월 총선 참패 직후와 같아 外,YTN,2024-08-30,"다만 연두색 번호판 제도 도입 직전 미리 법인차를 사두려는 수요가 몰리며 고가 차량 판매가 일시적으로 증가했었거든요? 그런 만큼 당분간 감소가 이어지다가 점차 예년 수준으로 회복될 수도 있다는 관측이 있습니다. ◇ 이익선 : 휘핑뉴스 모두 살펴봤습니다. 수고하셨습니다. ◆ 최휘 : 네, 감사합니다.",https://www.ytn.co.kr/_ln/0101_202408301540421447,법인차 제도
[기고] 자율규제로 해결하는 법인차 사적 남용,세계일보,2023-02-10,"국토교통부가 고민한 법인차 번호판 제도가 사적사용이 아니라 ‘무분별한 사적사용’ 방지에 초점을 맞춰야 한다는 의미다. 물론 제도의 취지가 고가차량이라는 점에만 한정되어서는 곤란하다. 소형차든, 중형차든 목적에 맞지 않게 사용되는 법인차 모두가 대상이다. 어떤 법인은 슈퍼카의 사용이 반드시...",http://www.segye.com/content/html/2023/02/09/20230209517690.html?OutUrl=naver,법인차 제도
“장기렌트하면 그만!”… ‘연두색 번호판’ 비웃는 법인차,경기일보언론사 선정,2023-03-25,앞서 국토교통부는 지난 1월 말 ‘법인승용차 전용 번호판 도입 방안 공청회’를 열고 이르면 올해 7월부터 법인차 전용 번호판 제도를 시행한다고 밝혔다. 이는 수억원을 호가하는 고가 승용차량을 법인 명의로 구입해 자가용으로 이용하는 경우가 많아 ‘탈세의 온상’이라는 비판이 지속된 데 따른 조치다....,https://www.kyeonggi.com/article/20230323580199,법인차 제도
'일동' 따라 법인차 일동 차렷? '윤웅섭 G90 마케팅 역주행 현상',팜뉴스,2023-02-20,"바로 올해 하반기 시행을 앞둔 '법인차 번호판 변경' 제도 때문이다. 국토교통부는 7월부터 법인차에 연두색 번호판을 부착할 계획이다. 포르쉐, 람보르기니, 페라리, 멕라렌 등 슈퍼카를 법인차로 등록해 각종 세제 혜택을 보는 꼼수를 차단하겠다는 의도다. 특히 법인 대표의 가족들이 '아빠 찬스'를 이용해...",http://www.pharmnews.com/news/articleView.html?idxno=218729,법인차 제도
"법인차 전용번호판 도입, 7월부터 '연두색 번호판' 부착",금강일보,2023-02-08,"대여사업용으로 구매한 렌터카에는 '하', '허', '호' 등의 문자로 구분되고 있기 때문에 연두색 번호판 부착 대상에서 빠진다. 제도 시행 이후 등록하는 법인차가 전용 번호판 부착 대상이다. 기존 법인차의 경우 전용 번호판을 부착해야만 세제 혜택 등을 주는 방식으로 번호판 교체를 유도한다는 계획 중이다.",http://www.ggilbo.com/news/articleView.html?idxno=959134,법인차 제도
억대 승용차는 대세가 '법인차'...신차등록 통계 살펴보니,데일리한국,2023-02-06,사진=연합뉴스 '법인차 번호판' 도입은 법인차 제도를 악용한 탈세를 막기 위해 결정됐다. 국토부에 따르면 최근 5년간 신규 등록된 고가 차량(취득가액 1억원 초과~4억원 이하) 중 법인 소유가 71.3%에 달했다. 4억원을 넘어서는 초고가 차량은 88.4%가 법인 명의였다. 법인차는 구매 및 이용 시...,https://daily.hankooki.com/news/articleView.html?idxno=921255,법인차 제도
"원희룡 ""법인차 전용번호판 도입, '아빠 찬스' 슈퍼카 시대 끝났다""",MBN언론사 선정,2023-02-06,"대여사업용으로 구매한 렌터카에는 '하', '허', '호' 등의 문자로 구분되고 있기 때문에 연두색 번호판 부착 대상에서 빠집니다. 제도 시행 이후 등록하는 법인차가 전용 번호판 부착 대상입니다. 기존 법인차의 경우 전용 번호판을 부착해야만 세제 혜택 등을 주는 방식으로 번호판 교체를 유도한다는 계획입니다.",http://mbn.mk.co.kr/pages/news/newsView.php?category=mbn00009&news_seq_no=4901661,법인차 제도
"법인차 번호판, 7월부터 연두색으로…렌터카는 제외",데일리한국,2023-02-01,'법인차 번호판' 도입은 법인차 제도를 악용한 탈세를 막기 위해 결정됐다. 국토부에 따르면 최근 5년간 신규 등록된 고가 차량(취득가액 1억원 초과~4억원 이하) 중 법인 소유가 71.3%에 달했다. 4억원을 넘어서는 초고가 차량은 88.4%가 법인 소유였다. 법인차는 구매 및 이용 시 비용처리가 가능해 개인이 소유하는...,https://daily.hankooki.com/news/articleView.html?idxno=919909,법인차 제도
"법인차 ‘연두색 번호판’, 이르면 7월부터 적용",조선비즈언론사 선정,2023-01-31,"국토부는 현재 번호판 색상으로 사용되지 않는 연두색 배경에 검은색 문자를 쓰는 전용 번호판을 법인차에 부착하기로 했다. 제도 시행 이후 등록하는 법인차가 전용 번호판 부착 대상이다. 기존 법인차는 번호판을 바꾸도록 유도해나갈 계획이다. 국토부는 이날 공청회에서 제시된 의견을 반영하고, 관계 기관...",https://biz.chosun.com/industry/car/2023/01/31/VK6YHJQF65GJXOOFOV4W6RTBMM/?utm_source=naver&utm_medium=original&utm_campaign=biz,법인차 제도
10명 중 9명은 '연두색 번호판' 찬성…'확대' 의견도 절반,머니S언론사 선정,2024-07-16,고가 법인차의 사적 사용을 막기 위해 올해 1월부터 도입된 '법인차 전용 번호판' 제도에 대한 소비자 인식이 긍정적인 것으로 나타났다. 법인 외에 관용차에도 동일하게 적용되지만 개인사업자는 예외를 뒀다. 이에 기존 8000만원 이상인 가격 기준을 없애고 개인사업자 등 모든 사업용차로 확대하는...,https://www.moneys.co.kr/article/2024071516051051554,법인차 제도
"‘눈물의 세일’ 벤츠 9000만원 깎아줍니다, 안 팔려도 너무 안 팔리는 수입차, 이유는",매일경제,2024-07-11,연두색 번호판 제도로 고가의 법인차 등록 대수가 감소하면서 전체 수입차 판매량에서 법인차가 차지하는 비중도 급격히 줄어들었다. 올해 들어 수입차 중 법인차 등록 비중은 30% 아래로 떨어진 것으로 나타났다. 김필수 대림대 미래자동차학부 교수는 “연두색 번호판 부착을 피하기 위해 올해 초에...,https://www.mk.co.kr/article/11065026,법인차 제도
"잇단 사고에 ""교통·건설 사망자 10% 감축""…법인차 번호판 바뀐다",노컷뉴스,2023-01-03,"등 제도개선에 나서기로 했다. 수도권 도시철도에 대해서는 혼잡도 완화방안을 3월까지 마련하고, 교통시설 혼잡기준 매뉴얼도 9월까지 수립할... 건설분야 사망자 10% 줄이고 침수대응 강화…법인차 사적사용 막으려 색다른 번호판 도입국토부는 건설분야에 대해서도 지난해 390명인 사고 사망자 수를 올해...",https://www.nocutnews.co.kr/news/5874285,법인차 제도
'연두색 번호판' 1년…1억 넘는 수입차 판매 8년 만에 급감,아시아경제언론사 선정,2025-01-28,"한편 연두색 번호판 제도는 고가 법인차의 사적 사용을 방지하기 위해 도입됐다. 윤석열 대통령의 대선 당시 대표 공약이기도 했다. 앞서 2023년 말 국토교통부가 '자동차 등록번호판 등의 기준에 관한 고시' 개정안을 행정예고하고, 지난해 1월부터 시행했다. 관용차를 포함한 취득가액 8000만원...",https://view.asiae.co.kr/article/2025012812100140247,법인차 제도
'한국 큰손' 숨었다 ···법인차 연두색 기피 '슈퍼카' 비상,이뉴스투데이,2024-10-26,"제도 시행 이후 업무 외 시간 법인 명의 차량이 보이지 않는 가시적인 효과는 있다고 평가된다""며 ""그러나 법인 명의 등록 자체가 줄어들거나, 럭셔리 모델 비율이 감소하는 것은 반쪽 효과다. 세금 혜택을 보는 법인차가 제대로 된 용도에 적절히 쓰일 수 있도록 꾸준히 제도를 개선해야 한다""고 조언했다.",http://www.enewstoday.co.kr/news/articleView.html?idxno=2191185,법인차 제도
[S리포트] 연두색 번호판? 피하면 그만,머니S언론사 선정,2024-05-30,"법인차 구매가격 낮추고 기간 줄이고 법인차 전용 번호판 제도가 시행된 이후 주춤하던 판매량은 다시 회복했다. 한국수입자동차협회(KAIDA) 집계 기준 2023년 누적 수입차 법인구매 비율은 39.72%였는데 특히 12월엔 46.54%에 달했다. 올해 들어서는 1월 36%대, 2월 35%대, 3월 32%대로 비중이 줄다가 4월엔 36%대로 소폭...",https://www.moneys.co.kr/article/2024052410400221996,법인차 제도
"단두대 향하는 고가 법인차 꼼수, 2억↑ 車 법인 비율 76%",IT조선,2022-01-21,"2021년 40억대 슈퍼카인 부가티 시론이 법인용으로 등록돼 운용되는 것을 놓고 SNS를 통해 법인차 관련 제도의 개편을 주장했다. 일부 기업들이 법인용으로 고가 차량을 등록해 업무와 상관없이 사적으로 이용하고 있다며 질타했다. 이 후보는 ""법인의 고가 수입차 비용특례 제도를 선보고, 업무 목적 외 사용을...",http://it.chosun.com/site/data/html_dir/2022/01/20/2022012002138.html,법인차 제도
"법인차, 10년동안 계속 늘었다...대선후보들 '개편' 예고",핀포인트뉴스,2022-02-17,"이재명 더불어민주당 대통령 선거 후보는 SNS를 통해 법인차 관련 제도 개편을 주장했다. 그는 ""법인의 고가 수입차 비용특례 제도를 선보고, 업무 목적 외 사용을 엄격히 제한하는 제도 정비로 공정성을 회복해야 한다""며 ""법인이 필요에 따라 고급차를 소유할 수는 있지만, 10억이 훌쩍넘으면서 좌석과...",http://www.pinpointnews.co.kr/view.php?ud=2022021713221173389cdfed7945_45,법인차 제도
‘연두색 번호판’ 회피 꼼수 법인차 키운 허술한 신고체계,조선비즈언론사 선정,2024-11-19,"그동안 업무용으로 보기 어려운 고가 차량을 법인 명의로 등록해 세제 혜택을 받으면서 사적으로 쓰는 일이 많았는데, 법인차 식별을 용이하게 만들어 사적 유용을 억제하기 위한 제도다. 연두색 번호판 부착을 결정하는 건 자동차등록원부에 기재된 차량 취득가다. 취득가는 자동차 등록증 ‘비고’란에...",https://biz.chosun.com/industry/car/2024/11/19/2GANQW5WB5FVHE2OEGBLOWZR24/?utm_source=naver&utm_medium=original&utm_campaign=biz,법인차 제도
'연두색 번호판' 효과...법인 수입차 감소로 온실가스 감축 기대감↑,전기신문,2024-04-23,고가 법인차에 '연두색 번호판'을 부착하도록 한 제도 시행으로 수입 법인차 등록 대수가 감소 추세를 보였다. 이에 수송 부문 온실가스 배출량 감축에도 일정 부분 기여할 것이라는 예상이 나오고 있다. 최근 한국수입차협회(KAIDA)에 따르면 지난달 8000만원 이상의 수입 법인차 등록 대수는 3868대로...,https://www.electimes.com/news/articleView.html?idxno=335888,법인차 제도
'연두색 번호판' 회피 '꼼수'…다운계약에 보험 가입자 바꿔 [2024 국감],이투데이,2024-10-07,법인 차량의 사적 사용이 증가하자 연두색 번호판을 달지 않으면 운행경비·감가상각비 등을 인정받지 못하게 했다. 실제로 이 제도 시행 뒤 고가 수입차 판매가 감소하기도 했다. 한국수입자동차협회(KAIDA)에 따르면 올 상반기 법인 등록 수입 차량은 4만2200대로 지난해 같은 기간(5만229대)보다 8029대...,https://www.etoday.co.kr/news/view/2407148,법인차 제도
"""법인차 '연두번호판' 회피 꼼수로 탈세의혹…국토부, 규모 파악도 못해""",중앙일보,2024-10-06,"올해부터 취득가액 8000만원 이상인 법인차량에 ‘연두색 번호판’을 부착하는 제도가 시행된 가운데, 일부 법인이 이를 피하기 위해 차량가액을 축소신고〈중앙일보 9월 9일자 보도〉한 정황이 포착됐지만 정부가 축소 신고규모를 제대로 파악하지 못하고 있는 것으로 나타났다. 이런 축소신고가 탈세로...",https://www.joongang.co.kr/article/25282354,법인차 제도
"김은혜 의원 ""법인차 '연두색 번호판' 회피 꼼수 만연…탈세의혹도""",비즈니스플러스,2024-10-08,"법인 차량의 사적 사용이 증가하자 연두색 번호판을 달지 않으면 운행경비와 감가상각비 등을 인정받지 못하게 했다. 실제로 이 제도 시행 뒤 고가 수입차 판매가 감소하기도 했다. 한국수입자동차협회에 따르면 올 상반기 법인 등록 수입 차량은 4만2200대로, 지난해 같은 기간(5만229대)보다 8029대 줄었다....",https://www.businessplus.kr/news/articleView.html?idxno=71311,법인차 제도
‘쏙’ 들어간 고가 법인차⋯ ‘연두 번호판’ 효과 직방,경기일보언론사 선정,2024-09-15,지난해比 54.2% 감소 ‘법인차 연두색 번호판’ 부착 제도가 시행된 이후 올해 경기지역에서 고가 법인차 등록 대수가 크게 줄어든 것으로 나타났다. 사진은 8천만원 이상 법인차량에 부착되는 ‘연두색 번호판’. 경기일보DB ‘법인차 연두색 번호판’ 부착 제도가 시행된 이후 올해 경기지역에서...,https://www.kyeonggi.com/article/20240911580285,법인차 제도
[뉴스락 팩트오픈] '코로나 시절'에도 잘나간 수입차 '부진' 이유는...연두색 번호판이 주범?,뉴스락,2024-04-08,"연두색 번호판 제도는 법인차를 상징하는 번호판으로, 고가 차량에 대한 과시적 소비를 억제하고, 법인차 탈세를 방지하기 위한 정책으로 도입됐다. 8000만원 이상 업무용 승용차는 연두색 번호판을 부착해야 한다. 법인 명의로 차를 사면 유류비를 업무 비용으로 처리하는 등 세제 혜택을 받을 수 있다....",http://www.newslock.co.kr/news/articleView.html?idxno=89630,법인차 제도
번호판만 바꿨을 뿐인데...업무용 ‘슈퍼카’ 확 줄었다,이코노미스트언론사 선정,2024-03-30,"아직 시행 초기지만, 연두색 번호판 제도 도입 후 고가 수입 법인차 구매가 줄어든 것은 사실이다. ‘억 소리’ 법인차 올들어 줄었다 구매 가격이 1억원을 웃도는 ‘고가 수입 법인차’ 수요가 올해 주춤하다. 한국수입자동차협회(KAIDA)에 따르면 올해 1~2월 누적 기준 고가 수입 법인차 등록 대수는...",https://economist.co.kr/article/view/ecn202403260003,법인차 제도
법인차 ‘연두색 번호판’회피 꼼수…탈세의혹까지 번져,글로벌이코노믹,2024-10-09,법인 차량을 무분별한 사용을 막기 위해 이를 구분하고자 올해 1월 1일부터 시행된 ‘연두색 번호판’ 제도를 회피하기 위한 불법 행위가 버젓이 자행되고 있어 대책 마련이 시급한 것으로 나타났다. 국민의힘 김은혜 의원(경기 분당을)은 국토교통부로부터 제출받은 자료를 분석한 결과 연두색 번호판을...,http://www.g-enews.com/ko-kr/news/article/news_all/202410091213028085a67d2c7d5a_1/article.html,법인차 제도
"""2억 BMW 법인차가 흰색?""...올 상반기 번호판 꼼수 차량 6000대 넘어",조세일보,2024-09-12,"취득가를 기준치보다 낮춰 신고하는 꼼수 법인차들의 등장으로 제도 보완이 시급하다는 목소리가 높아지고 있다. 홍세욱 변호사는 지난 11일 YTN 라디오 '생생경제'에서 ""올 상반기에 2억이 넘는 BMW M8 쿠퍼 컴페티션 8대가 법인 차량으로 판매가 됐는데 그중에 연두색 번호판은 3대만 부착했다고 한다. 정부...",http://www.joseilbo.com/news/news_read.php?uid=525718&class=1&grp=,법인차 제도
"[생생경제] '포르쉐 법인차' 타는 사장 아드님, 번호판은 흰색? ""다운 계약서 꼼수 여전",YTN,2024-09-11,그리고 찬성 이유는 세금 회피나 세제 혜택을 악용하는 거를 줄인다는 것과 또 연두색이다 보니까 눈에 띄어서 대중의 자율적 감시 기능이 있고 법인 차량의 사적 이용 감소 이런 효과가 있다 이렇게 바라보고 있고요. 근데 더 나아가서 제도 개선이 필요하다. ◆ 조태현 : 근데 제도 개선이라고 그러면 보통 규제...,https://www.ytn.co.kr/_ln/0102_202409110618172458,법인차 제도
[Invest]'법인차ㆍ법카'도 비용절감 대상…파트너 혜택 살피는 회계ㆍ법무법인,인베스트조선,2024-11-26,"젊은 세대들이 복리 후생 제도에 크게 매력을 느끼지 않는 점도 제도 축소를 고려하는 지점이다. 법인차량의 경우 사용이 제한적이고, 차종은 자유지만 어쨌든 금액 한계가 있다 보니 선택지가 좁아진다. 살림이 팍팍해지면서 회사의 ‘지원’에 대해 눈이 많아진 것도 사실이다. 일부 회계법인의 경우 최근...",https://www.investchosun.com/site/data/html_dir/2024/11/25/2024112580157.html,법인차 제도
"취득가 낮춰 신고한 꼼수 법인차 6000대 ""'연두색 번호판' 안 달았네…""",중앙이코노미뉴스,2024-09-09,"올해 1월부터 취득가액 8000만 원 이상인 법인차량에 '연두색 번호판'을 부착하는 제도가 시행되자, 취득가를 거짓으로 낮춰 신고하는 '꼼수 법인차'들이 줄을 잇는다는 지적이 나온다. 8일 국회 국토교통위원회 소속 김은혜 국민의힘 의원실이 국토교통부로부터 제공받은 '수입 법인 차 차량 모델 및 신고...",https://www.foodneconomy.com/news/articleView.html?idxno=362237,법인차 제도
[현장에선] ‘부의 상징’ 연두색 번호판?,세계일보,2024-02-16,특히 색이 다른 번호판으로 고가 법인차만 구분하는 제도의 효과가 의문이다. 오히려 별도의 표식을 달아줌으로써 고가 차량을 인증해 주는 일종의 ‘부의 상징’이 됐다는 우려도 나오고 있다. 업계 관계자는 “비싼 차로 자신을 드러내려는 성향이 강한 우리나라에서 연두색 번호판조차 또 다른 과시 수단이...,http://www.segye.com/newsView/20240215514151?OutUrl=naver,법인차 제도
이재용도 중고차 타는데…‘연두색 번호판’ 회사·아빠찬스 슈퍼카의 최후 [세상만車],매일경제언론사 선정,2024-01-21,세금도둑 양산한 한국의 법인차 제도 국내에서 법인차 악용 차량으로 포람페(포르쉐·람보르기니·페라리)가 지탄받고 있지만 이들 브랜드의 잘못은 아니었습니다. 편법을 부추기고 ‘세금도둑’을 방치하는 우리 법과 제도의 허점이 진짜 문제였습니다. ‘내돈내산’(내 돈 주고 내가 산다)이 아닌...,https://www.mk.co.kr/article/10923957,법인차 제도
"연두색 번호판 시행해보니...업계 ""고급차 판매 예년 수준""",데일리한국,2024-01-16,"또 다른 수입차 브랜드 영업 담당자(딜러)는 ""연초는 고가 차량 거래가 적은 것이 일반적""이라며 ""법인차 번호판 제도보다는 고금리와 경기 침체 등의 영향이 더 큰 것 같다""고 설명했다. 3일 오전 광주 북구 자동차번호판 교부소에서 담당자가 고액 법인차량용 연두색 번호판을 정리하고 있다. 사진=연합뉴스...",https://daily.hankooki.com/news/articleView.html?idxno=1042011,법인차 제도
'연두색 車번호판' 시행 앞두고 고가차 판매 급증한 이유,주간한국,2024-01-23,제도 시행 전 법인차 '풍선 효과' 年 증가 대수 지난해 가장 많아 법인차 연두색 번호판 부착은 윤석열 대통령의 대선 공약이다. 공약이 나올 당시부터 제도 시행 전 고가 차량의 판매가 급증할 것이라는 우려가 나오기도 했다. 지난 14일 국회 기획재정위원회 소속 양경숙 더불어민주당 의원이...,https://weekly.hankooki.com/news/articleView.html?idxno=7083100,법인차 제도
“연두 번호판 싫어요” 1억 넘는 수입 법인차 '뚝' [car톡],서울경제언론사 선정,2024-07-21,고가 수입 법인차의 판매량이 줄어든 데에는 연두색 번호판 부착을 의무화한 제도 영향이 큰 것으로 분석된다. 연두색 번호판을 꺼리면서 법인 명의로 수입차를 구매하는 소비자도 줄어든 것이다. 연두색 번호판은 올 1월 1일부터 출고가 8000만 원 이상의 신규 법인 승용차에 부착하도록 의무화했다....,https://www.sedaily.com/NewsView/2DBTQSZLIE,법인차 제도
"경실련 ""수입차 탈세 막자…법인차 경비 3000만원 제한해야""",이데일리,2015-07-08,고계현 경실련 사무총장은 “현행 세제제도가 법인차를 고가차량으로 유도시키는 결과가 확인됐다”며 “조세형평성 차원에서 이 문제를 바로잡도록 하겠다”고 말했다. 한편 김동철 새정치민주연합 의원도 최근 수입차 리스 경비를 3000만원 내에서 허용하는 내용의 법인세법 개정안을 발의했다. [ ]...,http://www.edaily.co.kr/news/newspath.asp?newsid=02069686609432552,법인차 제도
"(모빌리티 칼럼) 법인차를 위한 연두색 번호판 도입, 시작부터 잘못됐다",전기신문,2024-07-01,이번 정부에서 대통령 공략 중의 하나가 현재 시행 중인 법인차 규제를 위한 연두색 번호판 도입이다. 올 1월 1일부터 도입한 현 제도는 장점보다는 단점이 크게 부각되면서 잘못된 시작이었다고 강조할 수 있다. 물론 어느 정책이고 장점만 있는 정책이 없고 현재의 단점도 노력하다 보면 개선될 것이라 언급하고...,https://www.electimes.com/news/articleView.html?idxno=339527,법인차 제도
“연두색번호판 창피해서 못 타겠다?”…상반기 수입 법인차 등록 ‘역대 최저’,매일경제언론사 선정,2024-07-08,"올해 1월부터 취득가액 8000만원 이상 법인 차량에 연두색 번호판을 부착하도록 한 제도의 영향으로 보인다. 8일 한국수입자동차협회에 따르면, 지난 1∼6월 국내에 등록된 전체 수입차는 12만5652대로, 이 가운데 법인명의 등록 차량은 33.6%인 4만2200대로 집계됐다. 이는 지난해 상반기 전체 수입차 중...",https://www.mk.co.kr/article/11062038,법인차 제도
[김필수 칼럼] 연두색 번호판 도입한 법인차..변법 막을 방안은?,데일리카,2024-06-29,이번 정부에서 대통령 공략 중의 하나가 현재 시행 중인 법인차 규제를 위한 연두색 번호판 도입이다. 올 1월 1일부터 도입한 현 제도는 장점보다는 단점이 크게 부각되면서 잘못된 시작이었다고 강조할 수 있다. 물론 어느 정책이고 장점만 있는 정책이 없고 현재의 단점도 노력하다보면 개선될 것이라 언급하고...,https://www.dailycar.co.kr/content/news.html?type=view&autoId=53488,법인차 제도
"벤츠는 샤넬, 포람페는 에르메스, 제네시스는?…‘車계급’ 따져보니 BMW가 1위 [세상만車]",매일경제언론사 선정,2023-12-10,"목돈 없이도 고가 수입차를 살 수 있지만 대신 이자가 비싸 ‘카푸어(car-poor)’를 양산한다는 비판을 받은 금융상품, 조세형평성을 무너뜨리는 ‘회사찬스’ 법인차 제도도 밴드왜건·파노플리 효과에 무시할 수 없는 영향을 끼쳤죠. 국내에서 10~15년 전만 해도 차종에 상관없이 ‘수입차=명품’ 대접을...",https://www.mk.co.kr/article/10892875,법인차 제도
'연두색 번호판' 붙이는 건 좀...수입 법인차 등록 역대 최저 [앵커리포트],YTN,2024-07-09,"윤석열 대통령의 대선 공약이었던 '연두색 번호판 의무 부착 제도'가 원인으로 꼽힙니다. 법인 소유주 등이 고가 차량을 사적으로 사용하는 것을 막기 위해 도입됐는데, 고가 수입차 시장에 어느 정도 영향을 준 것이죠. 특히 1억 원 이상 고가 수입차 시장의 경우 법인차 비중이 큰 폭으로 감소했습니다....",https://www.ytn.co.kr/_ln/0102_202407092039553803,법인차 제도
"[전문가 기고]법인차를 위한 연두색 번호판 도입, 시작부터 잘못됐다",매일일보,2024-06-30,김필수 대림대 교수 이번 정부에서 대통령 공략 중의 하나가 현재 시행 중인 법인차 규제를 위한 연두색 번호판 도입이다. 올 1월 1일부터 도입한 현 제도는 장점보다는 단점이 크게 부각되면서 잘못된 시작이었다고 강조할 수 있다. 모빌리티 관련 정책을 다양하게 자문하고 있는 필자로서는 이 정책이 대통력...,http://www.m-i.kr/news/articleView.html?idxno=1135041,법인차 제도
"""나만 경기침체?""...1월 1억 이상 외제차, 역대 최대 판매 [FN 모빌리티]",파이낸셜뉴스,2025-02-11,"법조계 등에 따르면 지난해 1월 1일부터 취득가액이 8000만원 이상인 법인차량에는 연두색 번호판을 부착해야 한다. 이호근 대덕대 자동차학과 교수는 ""(연두색 번호판) 제도 도입 초창기에는 거부감이 있어서 회피하는 경향이 강했다면, 이제는 '내가 이런 법인을 가지고 있다'는 것을 외부적으로...",http://www.fnnews.com/news/202502101203518674,법인차 제도
연두색 번호판 기피 현상 감소? 올해 들어 고급 수입차 판매 늘어,월요신문,2025-04-07,"사진=뉴시스 ［월요신문=전지환 기자］지난해부터 시행한 '연두색 번호판' 제도로 인해 한때 고급 수입 법인차 판매량이 감소했으나, 올해 다시 고급 수입 법인차 판매량이 반등 조짐을 보이고 있다. 25일 한국수입자동차협회(KAIDA)에 따르면 지난달까지 법인으로 등록한 1억원 이상 고가 수입 자동차는...",http://www.wolyo.co.kr/news/articleView.html?idxno=257386,법인차 제도
[만물상] 하차감 떨어뜨릴 ‘연두색 번호판’,조선일보언론사 선정,2023-11-03,업무와 무관한 사람들이 ‘연두색 번호판 수퍼카’를 타고 유흥가를 나다니면 ‘번호판 신상 털기’의 표적이 될 것이다. 국민들은 여기에 더해 매출액 대비 법인차량 등록 대수 제한 등 법인차 제도를 더 빡빡하게 운영하라고 주문하고 있다. 제가 벌지 않은 돈으로 잘난 척하는 꼴은 못 보겠다는 사람들이 많다.,https://www.chosun.com/opinion/manmulsang/2023/11/03/GUPCHNJJNRATXGV4RFU62ITEDQ/?utm_source=naver&utm_medium=referral&utm_campaign=naver-news,법인차 제도
"""연두색 번호판 달기 전에 바꾸자""…고가 법인ㆍ수입차 판매 껑충",아주경제,2023-10-06,"이 때문에 제도 시행에 앞서 법인차 구매 러시가 발생한 셈이다. 이번 법인차 연두색 번호판 부착 제도는 윤석열 대통령의 대선 당시 공약으로, 고가 법인차의 사적 사용을 막기 위해 마련됐다. 업계는 연두색 번호판을 단 고가 법인차로 골프장이나 유흥가 등 여가 시설로 가기 어려운 만큼 고가 승용차...",https://www.ajunews.com/view/20231005142028224,법인차 제도
[동영상] BMW M8이 5700만원? 법인차 '연두색 번호판 꼼수',조세일보언론사 선정,2024-10-11,"2024년부터 법인 차 번호판은 연두색으로 변경되었습니다. 법인 차를 사적으로 사용하는 것을 막고 기업의 비용 처리에 대한 투명성을 높이기... 김 의원은 ""차량 가액을 불러주는 대로 인정하는 제도의 허점을 악용한 신종 범죄가 횡행하고 있다""며 ""객관적인 차량 가액을 기준으로 꼼수 등록을 막고 세원을...",http://www.joseilbo.com/news/news_read.php?uid=527462&class=32&grp=,법인차 제도
‘연두색’ 번호판 안보인다 했더니… 제도 시행 앞두고 고가 수입차 법인 등록 ‘꼼수’,세계일보언론사 선정,2024-02-12,법인차 전용 ‘연두색’ 번호판 제도가 도입된 첫달 전국에서 1600여 대가 이 번호판을 새로 단 것으로 나타났다. 연초 법인차 등록이 저조한 것은 ‘연두색’ 번호판 제도 시행을 앞두고 법인들이 지난해 미리 고가의 수입차 등을 구입해 법인차 등록을 하는 ‘꼼수’를 부린 탓이다. ◆예상보다 적은...,http://www.segye.com/newsView/20240212505973?OutUrl=naver,법인차 제도
"수입차협회 ""보험료율 인상 및 법인차 과세 제도 개편, 시장 위축 방향은 곤란""",서울경제,2015-11-25,한국수입자동차협회가 최근 정부의 고가 법인차의 개인 사용에 대한 과세제도 개편 및 수입차 보험료 인상 등 일련의 활동과 관련해 “형평성의 차원에서 진행해야 할 사안들”이라며 “급격히 수입차 시장을 위축하는 방향으로 진행되서는 곤란하다”는 입장을내놨다. 수입차협회에서 최근 수입차 시장에...,https://n.news.naver.com/mnews/article/011/0002766663?sid=101,법인차 제도
법인차 연두색 번호판 6개월 새 1만2621대 증가,스카이데일리,2024-07-28,스카이데일리 노태하기자 = ▲ 경기도 수원시 권선구 수원도시공사 번호판제작소에서 직원이 고액 법인차량용 연두색 번호판을 정리하고 있다. 연합뉴스 법인 승용차 전용 연두색 번호판 제도 도입 이후 6개월간 전국에서 1만2000여 대의 차량이 해당 번호판을 새로 부착한 것으로...,https://www.skyedaily.com/news/news_view.html?ID=241000,법인차 제도
"콧대 높던 고가 수입차, 8년만에 주저앉았다",이뉴스투데이,2025-02-27,"이 제도의 시행으로 인해 법인차를 활용한 세제 혜택을 누리려던 소비자들이 구매를 주저하게 되었고, 특히 초고가 차량을 법인 명의로 구매하려던 수요층이 크게 위축된 것으로 분석된다. 해당 제도는 지난해 1월부터 시행, 공교롭게도 고가 수입차 판매량이 하락한 시점과 일치한다. 업계 관계자는...",http://www.enewstoday.co.kr/news/articleView.html?idxno=2243249,법인차 제도
"“아들아 미안, 돈도 빽도 없어서”…슈퍼카 ‘세금도둑’ 막을 연두색 번호판 [세상만車]",매일경제언론사 선정,2023-08-27,‘내돈내산’(내 돈 주고 내가 산다는 뜻)이 아닌 ‘남돈내산’(남의 돈으로 내가 산 것처럼 행세한다는 의미)을 부추기는 법인차 제도가 가장 큰 문제죠. 돈 없어도 비싼 차를 쉽게 구입할 수 있지만 결국 너무 비싼 이자 때문에 젊은 인생이 ‘폭망’할 수 있는 카푸어(Car Poor)를 양산하는 수입차 금융제도도...,https://www.mk.co.kr/article/10814248,법인차 제도
[단독] '하·허·호'에 연두색 번호판까지?…'이중규제'에 뿔난 렌터카,서울경제언론사 선정,2023-08-11,별도의 번호판 교체 시한을 두지 않을 것으로 알려지며 효과가 반감될 수 있다는 지적도 제기된다. 법인차 전용 번호판 제도 도입을 앞두고 1~7월 법인이 1억 5000만 원을 초과하는 고가 수입차를 구매한 사례가 지난해 같은 기간보다 37%나 늘었다. 연두색 번호판을 달지 않으려는 수요가 몰렸기 때문이라는 분석이다.,https://www.sedaily.com/NewsView/29TD84NWZ6,법인차 제도
연두색 번호판 효과 끝났나…'고가 법인차' 증가세,뉴시스언론사 선정,2024-05-08,올해 초 고가 법인 업무용차에 대한 연두색 번호판 부착 제도 시행 이후 감소했던 수입 법인차 판매가 다시 증가세로 돌아섰다. 단기 계약 등 연두색 번호판 부착을 피할 수 있는 방법이 알려지면서 효과가 줄고 있다는 분석이다. 8일 한국수입자동차협회(KAIDA)에 따르면 지난 4월 수입 법인차 신규 등록...,https://www.newsis.com/view/?id=NISX20240508_0002727259&cID=13001&pID=13000,법인차 제도
[단독]연두색 ‘법인 번호판’ 달기 전 사자…고가 수입차 1년 전보다 30% 늘어,경향신문언론사 선정,2023-07-10,수억원대의 수입차를 법인 오너나 그 가족이 운용하는 ‘사적 사용’은 법인차 제도의 고질적인 문제로 꼽혀왔다. 논란이 이어지자 정부는 법인차 전용 ‘연두색 번호판’ 제도를 이르면 오는 9월부터 시행한다. 국토교통부는 이달 중 관련 행정예고를 할 계획이다. 낙인효과를 이용해 사적 유용을...,https://www.khan.co.kr/economy/economy-general/article/202307101655001,법인차 제도
'연두색'이 무서웠나…올 상반기 럭셔리 車 '판매 급증',뉴시스언론사 선정,2023-07-05,올해 하반기 연두색의 법인차 전용 번호판 제도 시행 전 미리 차량을 사려는 수요가 늘어난 것이다. 한국수입자동차협회(KAIDA)에 따르면 올해 상반기 법인의 수입차 구매 대수는 전체의 약 38%인 5만229대에 달했다. 앞서 국토교통부는 법인이 고가 수입차를 사서 사적으로 유용하는 것을 막기 위해 올해...,http://www.newsis.com/view/?id=NISX20230705_0002365090&cID=13001&pID=13000,법인차 제도
"[뉴블더] ""뭐야, 번호판 연두색이네""…SNS 속 가득한 슈퍼카 사라질까?",SBS,2023-07-19,국토부는 이번 달 법인차 전용 번호판 제도에 대한 행정 예고를 한 뒤에 9월 신규 등록하는 법인차부터 적용한다는 계획입니다. 다만 이미 등록된 법인차는 소급 적용을 하지 않습니다. 이렇다 보니 제도 도입을 앞두고 지난 1~5월 법인의 초고가 수입차 구매 건수는 지난해보다 20% 가까이 늘었다고 합니다....,https://news.sbs.co.kr/news/endPage.do?news_id=N1007274818&plink=ORI&cooper=NAVER,법인차 제도
연두색 번호판이 뭐라고...8000만원 넘는 수입차 중 법인차 비중 30% 아래로 '뚝',한국일보언론사 선정,2024-04-16,"이 연두색 번호판은 윤석열 대통령이 법인 차량의 사적 사용을 막겠다며 대선 때 공약한 제도다. 같은 맥락에서 한 대 가격이 억 원대에 이르는 럭셔리카 브랜드도 판매량이 크게 줄었다. 지난해 럭셔리 브랜드별 법인차 비중은 롤스로이스 87.3%, 벤틀리 76.0%, 포르쉐 61.1% 등이었다. 올해 1분기...",https://www.hankookilbo.com/News/Read/A2024041514070003447?did=NA,법인차 제도
법인차에 '연두색 번호판' 단다...이르면 9월부터,뉴시스언론사 선정,2023-07-09,"법인차 전용 번호판 제도는 그동안 세제 혜택을 보기 위해 법인 명의로 고가 차량을 구입하거나 리스해 놓고 기업 오너나 그 가족이 사적으로 이용해 오던 사례를 막기 위한 제도로, 윤석열 대통령의 대선 공약으로 제시됐다. 당초 이 제도는 지난 1월 말 열린 '법인 승용차 전용 번호판 도입 방안 공청회' 당시...",http://www.newsis.com/view/?id=NISX20230709_0002369323&cID=10401&pID=10400,법인차 제도
자동차 번호판에도 순서가 있다?,오토타임즈,2023-07-19,국토교통부는 이달 중 법인차 전용 번호판 제도에 대한 행정 예고를 할 계획이다. 이후 국무조정실 규제 심사를 거쳐 9월부터 법인차 신차 기준 새 번호판을 적용할 방침이다. 이미 등록된 법인차는 소급 적용을 하지 않는 쪽으로 가닥을 잡았다. 문제는 용도가 중복되는 차에 부착하는 번호판이다. 완성차...,http://autotimes.hankyung.com/apps/news.sub_view?popup=0&nid=03&c1=03&c2=03&c3=00&nkey=202307182113281,법인차 제도
"연두색 번호판 때문에 지난달 '수입 법인차' 비중, 처음으로 30% 아래로 떨어져",위키트리,2024-04-20,"이와 관련해 연합뉴스는 ""올해 1월부터 취득가액 8000만 원 이상 법인 승용차는 연두색 번호판을 의무적으로 부착하도록 한 제도가 등록 대수를 끌어 내린 것으로 풀이된다""라고 설명했다. 이어 ""그동안 세금 혜택을 노리고 고가의 수입차를 법인차로 샀던 사람들이 연두색 번호판에 대한 거부감으로...",https://www.wikitree.co.kr/articles/943078,법인차 제도
"벤틀리 -77%, 포르쉐 -23%…법인차 녹색번호판 영향?",문화일보언론사 선정,2024-04-20,이는 올해부터 신규·변경 등록하는 8000만 원 이상 법인차에 녹색 번호판을 붙이는 제도가 영향을 미친 것으로 해석된다. 올해 등록된 수입차(5만4583대) 중 법인차 비중은 32%를 기록했다. 녹색 번호판 제도가 시행되기 전인 지난해 한 해 동안 등록된 수입 법인차 대수는 전체 등록 대수(27만1034대)의 40...,https://www.munhwa.com/news/view.html?no=2024042001039910018003,법인차 제도
9월부터 법인차 번호판은 '연두색'...렌터카도 예외 없어,데일리한국,2023-07-05,사진=연합뉴스 이르면 9월부터 법인차 전용 번호판 제도가 시행된다. 고가 수입차를 법인차로 등록한 뒤 업무와 무관하게 사적으로 유용하는 사례를 막기 위한 결정이다. 시행 전부터 논란이 됐던 렌터카 번호판 역시 법인차 전용을 다는 것으로 가닥이 잡혔다. 법망을 빠져나갈 '꼼수'를 막겠다는 정부 의지가...,https://daily.hankooki.com/news/articleView.html?idxno=975120,법인차 제도
"정부, 오늘 국무회의서 차기 대선일 6월 3일로 확정",연합뉴스언론사 선정,2025-04-08,대선 입후보 희망 공직자 내달 4일까지 물러나야 정부는 8일 윤석열 전 대통령 파면으로 치러지는 차기 대통령 선거일을 오는 6월 3일(화요일)로... 이에 따라 한 권한대행은 오는 14일까지 5월 24일∼6월 3일 중 하루를 대통령 선거일로 지정해야 한다. 임기 만료 등 일반적 상황에서 치러지는 대통령 선거일은...,https://www.yna.co.kr/view/AKR20250407113000001?input=1195m,법인차 제도
[속보] 6월3일 대선 확정…임시공휴일 지정,한겨레언론사 선정,2025-04-08,"정부가 8일 윤석열 전 대통령 파면으로 치러지는 차기 대통령 선거일을 오는 6월3일(화요일)로 확정하고, 이날을 임시 공휴일로 지정했다. 한덕수 대통령... 6월3일을 대한민국 제21대 대통령 선거일로 지정하고자 한다”며 “국민들께서 소중한 투표권을 원활하게 행사하실 수 있도록, 선거 당일을 임시공휴일로...",https://www.hani.co.kr/arti/politics/politics_general/1191259.html,법인차 제도
21대 대통령 선거 '6월 3일' 실시…오늘 국무회의서 확정,뉴스1언론사 선정,2025-04-08,윤석열 대통령 파면에 따른 제21대 대통령 선거가 8일 국무회의를 통해 '6월 3일'로 확정된다. 정부에 따르면 한덕수 대통령 권한대행 국무총리는 이날 열리는 정례 국무회의에서 대통령 선거일을 6월 3일로 지정하는 안건을 상정해 확정·공고할 계획이다. 선거일을 임시 공휴일로 지정하는 안건도 함께...,https://www.news1.kr/politics/president/5745624,법인차 제도
1~3월 분양물량 1만2358가구…16년 만에 최저,뉴시스언론사 선정,2025-04-08,올해 1분기(1~3월) 전국 아파트 분양물량이 1만2358가구로 2009년 이후 16년 만에 '최저' 수준을 기록한 것으로 나타났다. 8일 부동산R114 자료에 따르면 올 1분기 전국 일반분양 물량은 총 1만2358가구로 전년 동기(3만5215가구) 대비 절반을 밑도는 것으로 나타났다. 이는 2009년(5682가구) 이후 16년 만에...,https://www.newsis.com/view/NISX20250408_0003130240,법인차 제도
2월 경상수지 흑자 역대 3위…4월부터 관세폭탄 직격탄?,SBS Biz언론사 선정,2025-04-08,"22개월 연속 흑자는 2000년대 들어 2012년 5월∼2019년 3월(83개월), 2020년 5월∼2022년 8월(27개월)에 이어 세 번째로 긴 흑자 기록입니다. 아울러 2월 흑자... 수출(537억9천만달러)은 1년 전보다 3.6% 늘었습니다. 품목 중에서는 통관 기준으로 컴퓨터(28.5%)·의약품(28.1%)·승용차(18.8%)·정보통신기기(17.5...",https://biz.sbs.co.kr/article_hub/20000227448?division=NAVER,법인차 제도
‘조기대선’ 제21대 대통령 선거일 ‘6월 3일’ 확정,서울신문언론사 선정,2025-04-08,윤석열 전 대통령 파면에 따른 제21대 대통령 선거일이 6월 3일로 확정됐다. 한덕수 대통령 권한대행 국무총리는 8일 정부서울청사에서 열린 국무회의에서 “정부는 선거관리위원회 등 관계기관과 협의해 선거 관리에 필요한 법정 사무의 원활한 수행과 각 정당의 준비기간 등을 고려해 오는 6월 3일을...,https://www.seoul.co.kr/news/politics/2025/04/08/20250408500066?wlog_tag3=naver,법인차 제도
"""입던 옷 알아서 팔아드려요""… 3분기 '무신사 유즈드' 론칭",머니S언론사 선정,2025-04-08,"오는 3분기에 정식으로 론칭한다고 8일 밝혔다. 회원들이 신뢰할 수 있고, 편리한 중고거래를 경험할 수 있도록 별도 플랫폼이 아닌 무신사 앱 내에서 중고상품 구입 및 판매 기능을 도입할 계획이다. 이를 위해 지난 2월에 관련 상표권을 출원했고, 3월에는 주주총회를 거쳐 사업목적 내에 '중고 상품 도소매업...",https://www.moneys.co.kr/article/2025040808082593075,법인차 제도
"[단독] 정부, 6월 3일 ‘尹파면’ 조기대선에 5100억원 쓴다",헤럴드경제언론사 선정,2025-04-08,"지자체 지급 90억원 포함 3957억원 지출 정부가 오는 6월 3일 치러질 21대 대통령 선거에 약 5100억원을 투입한다. 한덕수 권한대행 국무총리는 8일... 한편, 정부는 이날 윤석열 전 대통령 파면으로 치러지는 조기 대선일을 오는 6월 3일로 확정했다. 인사혁신처는 이날을 임시공휴일로 지정하기로 했다....",https://biz.heraldcorp.com/article/10460362?ref=naver,법인차 제도
"'LG 엑스붐' 신제품 3종 공개…""오디오 매출 1조원 목표""",지디넷코리아언론사 선정,2025-04-08,"행사에는 윌아이엠과 이정석 오디오사업담당, 오승진 MS마케팅담당 등 주요 관계자가 참석해 포터블 스피커 신제품 3종을 공개했다. LG전자는 글로벌... LG전자가 7일 서울 영등포구 그라운드220에서 'LG 엑스붐 브랜드데이'를 열고 신제품 3종을 소개했다. (사진=지디넷코리아) 특히 포터블 및 웨어러블 오디오...",https://zdnet.co.kr/view/?no=20250408084511,법인차 제도
작년 12월~올해 3월까지 경기도 내 대기질 '좋음' 47일,뉴시스언론사 선정,2025-04-08,"경기도는 제6차 미세먼지 계절관리제 시행 기간(2024년 12월~2025년 3월) 도내 대기질 '좋음'(초미세먼지 농도 15㎍/㎥ 이하) 등급이었던 날이 47일로, 2019년 계절관리제 시행 이후 가장 많았다고 8일 밝혔다. 미세먼지 계절관리제는 미세먼지가 고농도로 발생하는 12월부터 이듬해 3월까지 배출 저감과 관리...",https://www.newsis.com/view/NISX20250408_0003130045,법인차 제도
"유럽증시, 美관세 충격파에 4∼5％ 폭락 마감(종합2보)",연합뉴스언론사 선정,2025-04-08,"4∼5％ 하락하며 장을 마쳤다. 유럽 대형주 지수인 유로스톡스50은 전장에 비해 약 4.6％ 급락한 4,656.41포인트에 마감했다. 이는 2022년 3월 초 이래 최악의 장세였다고 유로뉴스는 평가했다. 유로스톡스50은 트럼프 대통령의 상호관세 발표 전날인 지난 1일 이후 5거래일 연속 하락하며 낙폭을 키웠다....",https://www.yna.co.kr/view/AKR20250407129452098?input=1195m,법인차 제도
전세사기 특별법 5월 만료…피해자 3만명 넘어서나,뉴시스언론사 선정,2025-04-08,"지난달 신규 피해자로 인정된 사례는 873건으로, 이 같은 추세라면 5월이면 3만명을 넘어설 것으로 보인다. 국토부는 지난해 하반기 전세사기 피해자 지원방법을 논의할 당시 올해 5월까지 피해자 수가 3만6000명까지 늘어날 것으로 예측한 바 있다. 전세사기 특별법은 지난 2023년 6월 시행됐으며 2년의...",https://www.newsis.com/view/NISX20250407_0003129783,법인차 제도
"캐딜락, 더 뉴 에스컬레이드 국내 출시 확정…5세대 부분변경",지디넷코리아언론사 선정,2025-04-08,"'더 뉴 에스컬레이드'는 지난 2021년 국내에 소개된 5세대 에스컬레이드의 부분 변경 모델로 완전변경급으로 변화를 거친 실내와 에스컬레이드 역사상... 먼저 출시일부터 30일까지 계약을 완료하고, 5월 31일까지 출고를 마친 고객을 대상으로 '얼리버드 이벤트'가 진행된다. '얼리버드 이벤트'를 통해...",https://zdnet.co.kr/view/?no=20250408092623,법인차 제도
"""추가 하락 제한적""…코스피 5% 폭락에 공매도 비중 오히려 줄어",뉴스1언론사 선정,2025-04-08,미국발 관세 공포에 국내 증시가 5% 이상 급락하면서 공매도 주요 주체인 외국인과 기관도 추가 하락 가능성을 낮게 본 것으로 풀이된다. 8일... 전날 코스피는 전 거래일 대비 137.22포인트(p)(5.57%) 하락한 2328.2로 거래를 마쳤다. 지난 2023년 11월 1일(종가 2301.56) 이후 약 1년 5개월 만에 최저치다....,https://www.news1.kr/finance/general-stock/5745528,법인차 제도
4말5초 양당 대선후보 확정… 내달 12일부터 공식 선거운동,동아일보언론사 선정,2025-04-08,이에 앞서 박근혜 전 대통령이 2017년 3월 10일 파면됐을 당시에도 황교안 당시 대통령 권한대행 국무총리는 파면 60일째인 5월 9일을 대선일로 지정했다. 선거에 입후보하려는 공직자는 선거일 30일 전인 5월 4일까지 공직에서 물러나야 한다. 57일간의 대선 레이스 일정에 따라 각 정당은 4월 말에서 5월 초...,https://www.donga.com/news/Politics/article/all/20250408/131367043/2,법인차 제도
"애플 주가 또 5% 하락…웨드부시 ""트럼프 촉발 관세는 재앙""",연합뉴스언론사 선정,2025-04-08,목표가 325→250달러 내려…테슬라 주가도 4% 하락 김태종 특파원 = 아이폰 제조업체 애플의 주가가 7일(현지시간) 장중 5% 내리며 도널드 트럼프 대통령의 상호관세 여파가 지속하고 있다. 미 동부 시간 이날 오전 11시 42분(서부 오전 8시 42분) 애플 주가는 전 거래일보다 5.05% 내린 178.86달러를 나타냈다. 지난...,https://www.yna.co.kr/view/AKR20250408001900091?input=1195m,법인차 제도
선관위 “대통령 선거일 6월 3일 확정…후보자 등록 5월 10~11일”,KBS언론사 선정,2025-04-08,"후보자 등록은 5월 10일부터 11일까지 할 수 있으며, 후보자로 등록하고자 하는 공무원은 5월 4일까지 사직해야 합니다. 선거인명부는 5월 6일부터 10일까지 5일간 작성하며, 같은 기간에 거소투표 신고와 선상투표 신고를 할 수 있습니다. 선거운동은 5월 12일부터 선거일 전일인 6월 2일까지 22일간 할 수...",https://news.kbs.co.kr/news/pc/view/view.do?ncd=8221713&ref=A,법인차 제도
코스피 매도 '사이드카' 발동…코스피200선물 5% 급락,SBS언론사 선정,2025-04-07,한국거래소에 따르면 이날 오전 9시 12분 11초에 코스피200선물지수의 변동으로 5분간 프로그램매도호가의 효력이 정지됐습니다. 발동 시점 당시 코스피200선물지수는 전 거래일 종가보다 17.10포인트(5.19%) 내린 312.05였습니다. 사이드카는 코스피200선물지수가 5% 이상 상승 또는 하락해 1분간 지속되는...,https://news.sbs.co.kr/news/endPage.do?news_id=N1008052218&plink=ORI&cooper=NAVER,법인차 제도
브뤼셀 국제영화제 8일 개막…韓작품 5편 경쟁부문 진출,연합뉴스언론사 선정,2025-04-08,"올해 BIFFF엔 5개 한국 작품이 6개 경쟁 부문에 진출했다. 주벨기에 한국문화원에 따르면 20일까지 열리는 제43회 BIFFF 국제경쟁부문에 나지현 감독의 '아들이 죽었다'가 진출했다. 신재민 감독의 '커미션', 민규동 감독의 '파과'는 나란히 스릴러 경쟁부문에 이름을 올렸다. 신재민 감독은 신임감독 부문...",https://www.yna.co.kr/view/AKR20250408001700098?input=1195m,법인차 제도
"원·달러 환율 33.7원 급등, 5년 만 최대… 엔도 3년 만 최고",국민일보언론사 선정,2025-04-08,코로나19 확산기 초반인 2020년 3월 19일(40원) 이후 5년 만에 최대 폭 상승이다. 원·달러 환율은 전 거래일 대비 32.9원 높은 1462원에 출발해 한때 1471.6원까지 올랐다가 오후 2시30분쯤 1461원까지 내렸다. 주요 6개국 통화 대비 달러화 가치를 보여주는 달러 인덱스는 전 거래일 대비 0.64...,https://www.kmib.co.kr/article/view.asp?arcid=0027946484&code=61141311&cp=nv,법인차 제도
삼성전자 1분기 영업익 6.6조…갤S25 효과에 시장 기대 웃돌아(종합),연합뉴스언론사 선정,2025-04-08,매출 79조로 1분기 기준 최대…PC·모바일용 반도체 수요 증가도 기여 메모리 가격 상승세에 실적 기대감…관세 등 변수에 2분기 불확실성 여전 삼성전자가 올해 1분기에 6조원이 넘는 영업이익을 기록하며 시장 기대치를 크게 웃도는 성적을 냈다. 삼성전자는 연결 기준 올해 1분기 영업이익이...,https://www.yna.co.kr/view/AKR20250408019152527?input=1195m,법인차 제도
[속보] 삼성전자 1분기 영업익 6.6조…시장 기대치 상회,서울경제언론사 선정,2025-04-08,삼성전자(005930)가 올 1분기 6조 원이 넘는 영업이익을 기록하며 시장 전망치를 웃도는 성적표를 거뒀다. 최신 스마트폰 갤럭시 S25 판매 호조와 D램 출하량 증가가 실적을 견인했다. 삼성전자는 8일 올해 1분기 영업이익이 6조 6000억 원으로 잠정 집계됐다고 공시했다. 같은 기간 매출은 79조 원을 기록했다....,https://www.sedaily.com/NewsView/2GRFWD1YOA,법인차 제도
AI 바짝 쫓아온 中…미중 최고 AI 성능 차이 1년 새 9.3%→1.7%,한국경제언론사 선정,2025-04-08,미국과 중국의 인공지능(AI) 기술 격차가 1년 만에 크게 좁혀진 것으로 나타났다. 중국 기업의 AI 기술이 단순한 ‘가성비’(가격 대비 성능)를 넘어... 기준 1.7%에 불과한 것으로 나타났다. 지난해 1월(9.3%)과 비교해 큰 폭으로 줄어들었다. 오픈AI는 이 평가에서 1366점을 받아 딥시크에는 다소...,https://www.hankyung.com/article/202504086416i,법인차 제도
"[단독]'FA' 풀린 한지현, 소속사 옮겼다..초록뱀 1호 영입 배우",스타뉴스,2025-04-08,이에 최근 연기력과 스타성을 갖춘 한지현을 1호 배우로 영입하면서 새출발을 위한 기반을 다졌다. 한국예술종합학교 연극원 연기과 출신인 한지현은 2020년 SBS 드라마 '펜트하우스'에 출연하며 얼굴을 알렸다. 당시 신인임에도 안정적인 연기력으로 악역을 소화해 호평받았다. 이듬해 '펜트하우스' 시즌2...,https://www.starnewskorea.com/stview.php?no=2025040806574044967,법인차 제도
삼성전자 1분기 영업익 6.6조…시장 기대 상회(종합),노컷뉴스언론사 선정,2025-04-08,"삼성전자가 올해 1분기에 6조원이 넘는 영업이익을 내며 시장 기대치를 크게 웃도는 성적표를 내놓았다. 삼성전자는 8일 연결 기준 올해 1분기 영업이익이 6조6천억원으로 잠정 집계됐다고 공시했다. 이는 지난해 동기보다 0.15% 감소한 것이지만 ,시장 전망치를 크게 웃도는 것이다. 금융정보업체...",https://www.nocutnews.co.kr/news/6321073?utm_source=naver&utm_medium=article&utm_campaign=20250408080954,법인차 제도
"삼성전자, 시장 기대 훌쩍 넘는 1분기 영업이익 거둬... 6조6000억 원",한국일보언론사 선정,2025-04-08,"삼성전자가 2025년 1분기(1~3월) 매출 79조 원, 영업이익 6조6,000억 원으로 2024년 같은 기간보다 매출은 9.8% 늘고 영업이익은 0.15% 줄었다는 잠정 실적을 8일 발표했다. 시장 기대를 넘어선 성과다. 금융정보업체 에프앤가이드가 집계한 연결 기준 삼성전자의 1분기 실적 전망(컨센서스)은 매출...",https://www.hankookilbo.com/News/Read/A2025040807260001550?did=NA,법인차 제도
삼성전자 1분기 영업이익 6.6조...갤럭시 S25 효과,YTN언론사 선정,2025-04-08,"삼성전자가 올해 1분기 시장 기대치를 웃도는 깜짝 실적을 냈습니다. 반도체 부진 속에 스마트폰 판매 호조가 실적을 견인한 것으로 분석됩니다. 경제부 취재기자 연결합니다. 최아영 기자, 올해 1분기 삼성전자 실적 얼마나 나왔습니까? [기자] 네. 삼성전자의 올해 1분기 영업이익은 6조 6천억 원을 잠정...",https://www.ytn.co.kr/_ln/0102_202504080857304381,법인차 제도
제천 전통시장서 불…1명 부상,뉴시스언론사 선정,2025-04-08,"이 불로 점주 A(68·여)씨가 손에 1도 화상을 입고 인근 병원으로 옮겨졌다. 불은 근처로 옮겨붙어 점포 4곳(80㎡)을 태워 소방서 추산 7000만원의 재산피해를 낸 뒤 1시간여 만에 진화됐다. 소방당국은 대응 1단계를 발령하고 인력 35명, 장비 16대를 투입해 진화 작업을 벌였다. 경찰과 소방당국은 부주의로...",https://www.newsis.com/view/NISX20250408_0003129974,법인차 제도
"""갤S25 신작 효과""…삼성, MX 견인에 1분기 실적 선방",뉴시스언론사 선정,2025-04-08,"삼성전자가 시장 전망을 웃도는 1분기 실적을 낼 전망이다. 1분기 MX 부문 영업이익은 갤럭시 S25 시리즈 출시 효과로 전년보다 늘어날 것으로 예상됐다. 삼성전자는 2025년 1분기 잠정실적을 8일 발표했다. 전사 실적의 경우 매출 79조원, 영업이익 6조6000억원이다. 잠정 실적 발표에서는 DX, DS 등 구체적인...",https://www.newsis.com/view/NISX20250408_0003130085,법인차 제도
"[속보]김동연, 9일 인천공항서 대선 출마 선언",이데일리언론사 선정,2025-04-08,"김동연 경기도지사가 오는 9일 인천국제공항에서 대선 출마를 선언한다. 8일 경기도에 따르면 김 지사는 이날 오전 9시 인천공항 제2터미널 출국장 K카운터에서 미국 출국 보고와 대선 출마 선언을 예고했다. 출마 선언 뒤 김 지사는 GM, 포드, 스텔란티스 등 미국 자동차 완성차 3대 회사 소재지인 미국...",http://www.edaily.co.kr/news/newspath.asp?newsid=03155366642134152,법인차 제도
"카카오메이커스, 출범 9년 만에 누적 거래액 1조원 돌파",뉴시스언론사 선정,2025-04-08,카카오 사회공헌형 커머스 '카카오메이커스'가 출범한 지 9년 만에 누적 거래액 1조원을 달성했다고 8일 밝혔다. 2016년 출범한 카카오메이커스는 좋은 아이디어를 갖고 있지만 판매 기회를 찾기 어려웠던 제작자들에게 판로를 제공하고 소비자에게는 다양한 제품과 혜택을 제공하고 있다. 지금까지 8200여곳...,https://www.newsis.com/view/NISX20250408_0003130178,법인차 제도
헌재 마은혁 재판관 9일 임기 시작…국회선출 104일만 합류,연합뉴스언론사 선정,2025-04-08,마은혁(62·사법연수원 29기) 헌법재판관이 오는 9일 취임해 6년의 임기를 시작한다. 마 재판관이 지난해 12월 26일 국회에서 선출된 때로부터 104일 만이다. 한덕수 대통령 권한대행 국무총리는 8일 마 후보자를 재판관으로 임명했다. 헌법에 따른 재판관 임기는 6년이다. 마 재판관은 2031년 4월 8일까지...,https://www.yna.co.kr/view/AKR20250408079100004?input=1195m,법인차 제도
"[속보] 이재명, 9일 당대표 사퇴…다음 주 대권 도전 선언 전망",국제신문언론사 선정,2025-04-08,더불어민주당 이재명 대표가 9일 대표직에서 물러나 대권 도전에 나선다. 공식적인 출마 선언은 다음주로 전망된다. 복수의 당 관계자에 따르면 “이 대표가 내일 오전 마지막으로 최고위원회의를 주재한 뒤 당 대표직에서 물러날 것”이라고 밝혔다. 정부가 6월 3일을 대선일로 발표하면서 조기 대선 시간표가...,http://www.kookje.co.kr/news2011/asp/newsbody.asp?code=0100&key=20250408.99099002410,법인차 제도
"트럼프 ""中, 보복관세 철회 안 하면 9일부터 50% 추가 관세"" 초강수",조세일보언론사 선정,2025-04-08,"트럼프 대통령은 7일(현지시간) 소셜미디어 '트루스소셜'을 통해 ""중국이 4월 8일까지 기존의 무역 남용에 34%를 추가한 관세 조치를 철회하지 않으면, 4월 9일부터 50%의 추가 관세를 부과하겠다""고 밝혔다. 이어 ""중국이 요청한 회담도 모두 중단하겠다""고 덧붙였다. 이번 발언은 중국이 지난주 트럼프 대통령의 34...",http://www.joseilbo.com/news/news_read.php?uid=540516&class=42&grp=,법인차 제도
"통·리·반장 등, 선거사무 활동하려면 9일까지 사직해야",뉴시스언론사 선정,2025-04-08,"전북특별자치선거관리위원회는 제21대 대통령선거에서 각급 선거관리위원회위원, 예비군 중대장급 이상의 간부, 주민자치위원회위원 또는 통·리·반장이 선거사무장, 선거연락소장, 선거사무원, 활동보조인, 회계책임자, 연설원, 대담·토론자 또는 (사전)투표참관인이 되려면 오는 9일까지 사직해야 한다고...",https://www.newsis.com/view/NISX20250407_0003129427,법인차 제도
"이철우 경북도지사, 9일 대선 출마 선언…국회서 기자회견",TV조선언론사 선정,2025-04-08,"이철우 경북도지사가 오는 9일 대선 출마를 공식 선언할 예정이다. 이 지사 측은 ""이 지사가 9일 오후 2시 국회에서 대통령 선거 출마 선언 기자회견을 할 계획""이라고 밝혔다. 이 지사는 그동안 주변에서 출마 권유가 많아 출마를 고심해왔다. 그는 앞서 지난 5일 자신의 페이스북에 ""무너지는 나라 보고만...",https://news.tvchosun.com/site/data/html_dir/2025/04/07/2025040790140.html,법인차 제도
"이지현 9단, 랭킹 1위 신진서 꺾고 맥심커피배 우승",뉴스1,2025-04-08,이지현 9단이 디펜딩 챔피언이자 랭킹 1위 신진서 9단을 꺾고 입신 최강자로 우뚝 섰다. 이지현 9단은 7일 서울 성동구 한국기원 바둑TV스튜디오에서 열린 제26기 맥심커피배 입신최강전 결승 3번기 최종국에서 신진서 9단에게 178수 만에 백 불계승했다. 지난 3월 31일 1국에서 선승을 거둔 이지현 9단은...,https://www.news1.kr/sports/general-sport/5745753,법인차 제도
"[속보] 헌재 ""마은혁 재판관 9일부터 임기 개시""",연합뉴스언론사 선정,2025-04-08,,https://www.yna.co.kr/view/AKR20250408076800004?input=1195m,법인차 제도
"트럼프 ""상호관세 유예 검토 안해""…9일 정상 발효될 듯",뉴시스언론사 선정,2025-04-08,이날 일부 미국 언론들은 백악관이 9일 예정된 상호관세 발효를 90일간 유예하는 방안을 검토 중이라고 보도했다. 케빈 해싯 백악관 국가경제위원회(NEC)... 이에 따라 한국에 부과한 25% 상호관세도 오는 9일부터 정상 발효될 가능성이 매우 높다. 트럼프 대통령은 지난 2일 모든 국가를 대상으로 최소 10% 관세를...,https://www.newsis.com/view/NISX20250408_0003129950,법인차 제도
"법인 고가 차량 급증…연두색 번호판 ""눈치 안본다""",뉴시스,2025-04-10,"일각에서는 전자운행기록장치(GPS 기반 주행 로그)나 세금 혜택 제한 등 실질적인 규제가 함께 시행돼야 이 제도의 실효성을 더 높일 수 있다고 제언한다. 업계 관계자는 ""연두색 번호판이 처음에는 소비자 구매 심리에 큰 영향을 줬지만, 시간이 지나면서 이런 모습은 줄고 있다""며 ""법인 차량 구매는...",https://www.newsis.com/view/NISX20250410_0003133964,법인차 제도
“연두색 가오떨어지네…” 수입 법인차 등록대수 ‘와르르’,문화일보언론사 선정,2024-03-14,법인차 전용 ‘연두색’ 번호판 제도 도입 이후 고가 수입 법인차 등록 대수가 크게 줄어든 것으로 집계됐다. 고가 차량에서 법인차가 차지하는 비중도 급감했다. 13일 한국수입자동차협회(KAIDA)에 따르면 올해 2월 8000만 원 이상 수입 법인차 등록 대수는 3551대로 집계됐다. 이는 지난해 같은 달에...,https://www.munhwa.com/news/view.html?no=2024031401039910018001,법인차 제도
